1. Código del centro de trabajo.,|,2. Nombre o descripción del centro de trabajo.,|,3. Dirección del centro de trabajo.,|,"4. Zona donde se ubica el centro de trabajo, si aplicara.",|,"5. Teléfonos, separados por guiones o diagonales",|,6. Fax.,|,7. Nombre del contacto en ese centro de trabajo.,|,8. Correo electrónico.,|,9. Departamento de la República donde se ubica.,|,10. Municipio de la República.,|,11. Código de actividad económica.,|,ARCHIVO DE TEXTO
1,|,SEDE CENTRAL,|,GUATEMALA,|,,|,23790700,|,,|,,|,,|,1,|,1,|,930900,|,1|SEDE CENTRAL|GUATEMALA||23790700||||1|1|930900|
2,|,HUMAN EFFICENCY S.A,|,GUATEMALA,|,,|,23790700,|,,|,,|,,|,1,|,1,|,930900,|,2|HUMAN EFFICENCY S.A|GUATEMALA||23790700||||1|1|930900|
3,|,ALMACENES Y SERVICIOS S.A,|,GUATEMALA,|,,|,23790700,|,,|,,|,,|,1,|,1,|,930900,|,3|ALMACENES Y SERVICIOS S.A|GUATEMALA||23790700||||1|1|930900|
4,|,FONTANA DE TREVI (ZACAPA),|,ZACAPA,|,,|,23790700,|,,|,,|,,|,19,|,1,|,930900,|,4|FONTANA DE TREVI (ZACAPA)|ZACAPA||23790700||||19|1|930900|
5,|,ALMAGUATE,|,GUATEMALA,|,,|,23790700,|,,|,,|,,|,1,|,1,|,930900,|,5|ALMAGUATE|GUATEMALA||23790700||||1|1|930900|
6,|,DISTRIBUIDORA JALAPENA S.A (ZONA 2),|,GUATEMALA,|,,|,23790700,|,,|,,|,,|,1,|,1,|,930900,|,6|DISTRIBUIDORA JALAPENA S.A (ZONA 2)|GUATEMALA||23790700||||1|1|930900|
7,|,"DISTRIBUIDORA JALAPENA S,.A (EL NARANJO)",|,GUATEMALA,|,,|,23790700,|,,|,,|,,|,1,|,8,|,930900,|,"7|DISTRIBUIDORA JALAPENA S,.A (EL NARANJO)|GUATEMALA||23790700||||1|8|930900|"
8,|,DISTRIBUIDORA LA CEIBA S.A (CHIQUIMULA),|,CHIQUIMULA,|,,|,23790700,|,,|,,|,,|,20,|,1,|,930900,|,8|DISTRIBUIDORA LA CEIBA S.A (CHIQUIMULA)|CHIQUIMULA||23790700||||20|1|930900|
9,|,DISTRIBUIDORA COBANERA S.A (COBAN),|,COBAN,|,,|,23790700,|,,|,,|,,|,16,|,1,|,930900,|,9|DISTRIBUIDORA COBANERA S.A (COBAN)|COBAN||23790700||||16|1|930900|
10,|,DISTRIBUIDORA ULTRA RAPIDA (PUERTO BARRIOS),|,PUERTO BARRIOS,|,,|,23790700,|,,|,,|,,|,18,|,1,|,930900,|,10|DISTRIBUIDORA ULTRA RAPIDA (PUERTO BARRIOS)|PUERTO BARRIOS||23790700||||18|1|930900|
11,|,DISTRIBUIDORA LA CEIBA S.A (ESQUIPULAS),|,CHIQUIMULA,|,,|,23790700,|,,|,,|,,|,20,|,7,|,930900,|,11|DISTRIBUIDORA LA CEIBA S.A (ESQUIPULAS)|CHIQUIMULA||23790700||||20|7|930900|
12,|,DISTRIBUIDORA COBANERA (FRAY BARTOLOME DE LAS CASAS,|,ALTAVERAPAZ,|,,|,23790700,|,,|,,|,,|,16,|,15,|,930900,|,12|DISTRIBUIDORA COBANERA (FRAY BARTOLOME DE LAS CASAS|ALTAVERAPAZ||23790700||||16|15|930900|
13,|,DISTRIBUIDORA IZABAL (EL NARANJO),|,PETEN,|,,|,23790700,|,,|,,|,,|,17,|,5,|,930900,|,13|DISTRIBUIDORA IZABAL (EL NARANJO)|PETEN||23790700||||17|5|930900|
14,|,DISTRIBUIDORA COBANERA (PLAYA GRANDE),|,PLAYA GRANDE,|,,|,23790700,|,,|,,|,,|,14,|,20,|,930900,|,14|DISTRIBUIDORA COBANERA (PLAYA GRANDE)|PLAYA GRANDE||23790700||||14|20|930900|
15,|,DISTRIBUIDORA IZABAL (POPTUN),|,POPTUN,|,,|,23790700,|,,|,,|,,|,17,|,12,|,930900,|,15|DISTRIBUIDORA IZABAL (POPTUN)|POPTUN||23790700||||17|12|930900|
16,|,DISTRIBUIDORA COBANERA (SALAMA),|,SALAMA,|,,|,23790700,|,,|,,|,,|,15,|,1,|,930900,|,16|DISTRIBUIDORA COBANERA (SALAMA)|SALAMA||23790700||||15|1|930900|
17,|,DISTRIBUIDORA IZABAL (SANTA ELENA),|,SANTA ELENA PETEN,|,,|,23790700,|,,|,,|,,|,17,|,1,|,930900,|,17|DISTRIBUIDORA IZABAL (SANTA ELENA)|SANTA ELENA PETEN||23790700||||17|1|930900|
18,|,TRANSPORTES TERRESTRES AEREOS S.A (SANTA ELENA),|,SANTA ELENA PETEN,|,,|,23790700,|,,|,,|,,|,17,|,1,|,930900,|,18|TRANSPORTES TERRESTRES AEREOS S.A (SANTA ELENA)|SANTA ELENA PETEN||23790700||||17|1|930900|
19,|,CERVESUR,|,ESCUINTLA,|,,|,23790700,|,,|,,|,,|,5,|,1,|,930900,|,19|CERVESUR|ESCUINTLA||23790700||||5|1|930900|
20,|,DISTRIBUIDORA ALINOR,|,TECULUTAN,|,,|,23790700,|,,|,,|,,|,19,|,5,|,930900,|,20|DISTRIBUIDORA ALINOR|TECULUTAN||23790700||||19|5|930900|
21,|,DISTRIBUIDORA LA CEIBA (TECULUTAN),|,TECULUTAN,|,,|,23790700,|,,|,,|,,|,19,|,5,|,930900,|,21|DISTRIBUIDORA LA CEIBA (TECULUTAN)|TECULUTAN||23790700||||19|5|930900|
22,|,DISTRIBUIDORA ULTRA RAPIDA (EL ESTOR),|,EL ESTOR,|,,|,23790700,|,,|,,|,,|,18,|,3,|,930900,|,22|DISTRIBUIDORA ULTRA RAPIDA (EL ESTOR)|EL ESTOR||23790700||||18|3|930900|
23,|,DISTRIBUIDORA ULTRA RAPIDA (MORALES),|,IZABAL,|,,|,23790700,|,,|,,|,,|,18,|,4,|,930900,|,23|DISTRIBUIDORA ULTRA RAPIDA (MORALES)|IZABAL||23790700||||18|4|930900|
24,|,IGLESIA GUATEMALA,|,GUATEMALA,|,,|,23790700,|,,|,,|,,|,1,|,1,|,930900,|,24|IGLESIA GUATEMALA|GUATEMALA||23790700||||1|1|930900|
25,|,INGRUP,|,GUATEMALA,|,,|,23790700,|,,|,,|,,|,1,|,1,|,930900,|,25|INGRUP|GUATEMALA||23790700||||1|1|930900|
26,|,PROALVI,|,GUATEMALA,|,,|,23790700,|,,|,,|,,|,1,|,1,|,930900,|,26|PROALVI|GUATEMALA||23790700||||1|1|930900|
27,|,CAPILLAS SEÑORIALES,|,GUATEMALA,|,,|,23790700,|,,|,,|,,|,1,|,1,|,930900,|,27|CAPILLAS SEÑORIALES|GUATEMALA||23790700||||1|1|930900|
28,|,DISTRIBUIDORA LA CEIBA (EL RANCHO),|,EL RANCHO,|,,|,23790700,|,,|,,|,,|,2,|,3,|,930900,|,28|DISTRIBUIDORA LA CEIBA (EL RANCHO)|EL RANCHO||23790700||||2|3|930900|
29,|,IGLESIA COBAN,|,COBAN,|,,|,23790700,|,,|,,|,,|,16,|,1,|,930900,|,29|IGLESIA COBAN|COBAN||23790700||||16|1|930900|
30,|,PLASTI HOGAR ,|,GUATEMALA,|,,|,23790700,|,,|,,|,,|,1,|,1,|,930900,|,30|PLASTI HOGAR |GUATEMALA||23790700||||1|1|930900|
31,|,FINCA LAS COLINAS ,|,CHIMALTENANGO ,|,,|,23790700,|,,|,,|,,|,4,|,1,|,930900,|,31|FINCA LAS COLINAS |CHIMALTENANGO ||23790700||||4|1|930900|
32,|,AUTOHOTELES,|,GUATEMALA,|,,|,23790700,|,,|,,|,,|,1,|,1,|,930900,|,32|AUTOHOTELES|GUATEMALA||23790700||||1|1|930900|
33,|,COMERCIALIZADORA NEPAL,|,GUATEMALA,|,,|,23790700,|,,|,,|,,|,1,|,1,|,930900,|,33|COMERCIALIZADORA NEPAL|GUATEMALA||23790700||||1|1|930900|
34,|,IMPELSA,|,GUATEMALA,|,,|,23790700,|,,|,,|,,|,1,|,1,|,930900,|,34|IMPELSA|GUATEMALA||23790700||||1|1|930900|
35,|,NIPRO,|,GUATEMALA,|,,|,23790700,|,,|,,|,,|,1,|,1,|,930900,|,35|NIPRO|GUATEMALA||23790700||||1|1|930900|
36,|,NIPRO ESCUINTLA,|,ESCUINTLA,|,,|,23790700,|,,|,,|,,|,5,|,1,|,930900,|,36|NIPRO ESCUINTLA|ESCUINTLA||23790700||||5|1|930900|
37,|,NIPRO JUTIAPA,|,JUTIAPA,|,,|,23790700,|,,|,,|,,|,22,|,1,|,930900,|,37|NIPRO JUTIAPA|JUTIAPA||23790700||||22|1|930900|
38,|,NIPRO MIXCO,|,GUATEMALA,|,,|,23790700,|,,|,,|,,|,1,|,8,|,930900,|,38|NIPRO MIXCO|GUATEMALA||23790700||||1|8|930900|
39,|,NIPRO MAZATENANGO,|,MAZATENANGO,|,,|,23790700,|,,|,,|,,|,10,|,1,|,930900,|,39|NIPRO MAZATENANGO|MAZATENANGO||23790700||||10|1|930900|
40,|,NIPRO SANTA ROSA,|,SANTA ROSA,|,,|,23790700,|,,|,,|,,|,6,|,1,|,930900,|,40|NIPRO SANTA ROSA|SANTA ROSA||23790700||||6|1|930900|
41,|,NIPRO XELA,|,XELA,|,,|,23790700,|,,|,,|,,|,9,|,1,|,930900,|,41|NIPRO XELA|XELA||23790700||||9|1|930900|
42,|,GALLO ZONA 2 BODEGA,|,GUATEMALA,|,,|,23790700,|,,|,,|,,|,1,|,1,|,930900,|,42|GALLO ZONA 2 BODEGA|GUATEMALA||23790700||||1|1|930900|
43,|,POLLO PINULITO,|,GUATEMALA,|,,|,23790700,|,,|,,|,,|,1,|,1,|,930900,|,43|POLLO PINULITO|GUATEMALA||23790700||||1|1|930900|
44,|,CERVECERIA GALLO (LIVINGSTON),|,LIVINGSTON,|,,|,23790700,|,,|,,|,,|,18,|,2,|,930900,|,44|CERVECERIA GALLO (LIVINGSTON)|LIVINGSTON||23790700||||18|2|930900|
45,|,ECOMSA ,|,GUATEMALA,|,,|,23790700,|,,|,,|,,|,1,|,1,|,930900,|,45|ECOMSA |GUATEMALA||23790700||||1|1|930900|
46,|,"DISTRIBUIDORA MARAVILLA, S.A. (ZONA 18)",|,GUATEMALA,|,,|,23790700,|,,|,,|,,|,1,|,1,|,930900,|,"46|DISTRIBUIDORA MARAVILLA, S.A. (ZONA 18)|GUATEMALA||23790700||||1|1|930900|"
47,|,"ALIMENTOS MARAVILLA, S.A. (MASAGUA)",|,ESCUINTLA,|,,|,23790700,|,,|,,|,,|,5,|,1,|,930900,|,"47|ALIMENTOS MARAVILLA, S.A. (MASAGUA)|ESCUINTLA||23790700||||5|1|930900|"
48,|,GALLO BARBERENA,|,SANTA ROSA,|,,|,23790700,|,,|,,|,,|,6,|,1,|,930900,|,48|GALLO BARBERENA|SANTA ROSA||23790700||||6|1|930900|
49,|,"DISTRIBUIDORA LA NUEVA, GALLO MIXCO",|,GUATEMALA,|,,|,23790700,|,,|,,|,,|,1,|,1,|,930900,|,"49|DISTRIBUIDORA LA NUEVA, GALLO MIXCO|GUATEMALA||23790700||||1|1|930900|"
50,|,JUBILADOS,|,GUATEMALA,|,,|,23790700,|,,|,,|,,|,1,|,1,|,930900,|,50|JUBILADOS|GUATEMALA||23790700||||1|1|930900|
51,|,VAS GUATEMALA,|,GUATEMALA,|,,|,23790700,|,,|,,|,,|,1,|,1,|,930900,|,51|VAS GUATEMALA|GUATEMALA||23790700||||1|1|930900|
,|,,|,,|,,|,,|,,|,,|,,|,,|,,|,,|,|||||||||||
,|,,|,,|,,|,,|,,|,,|,,|,,|,,|,,|,|||||||||||
,|,,|,,|,,|,,|,,|,,|,,|,,|,,|,,|,|||||||||||
,|,,|,,|,,|,,|,,|,,|,,|,,|,,|,,|,|||||||||||
,|,,|,,|,,|,,|,,|,,|,,|,,|,,|,,|,|||||||||||
,|,,|,,|,,|,,|,,|,,|,,|,,|,,|,,|,|||||||||||
,|,,|,,|,,|,,|,,|,,|,,|,,|,,|,,|,|||||||||||
,|,,|,,|,,|,,|,,|,,|,,|,,|,,|,,|,|||||||||||
,|,,|,,|,,|,,|,,|,,|,,|,,|,,|,,|,|||||||||||
,|,,|,,|,,|,,|,,|,,|,,|,,|,,|,,|,|||||||||||
,|,,|,,|,,|,,|,,|,,|,,|,,|,,|,,|,|||||||||||
,|,,|,,|,,|,,|,,|,,|,,|,,|,,|,,|,|||||||||||
,|,,|,,|,,|,,|,,|,,|,,|,,|,,|,,|,|||||||||||
,|,,|,,|,,|,,|,,|,,|,,|,,|,,|,,|,|||||||||||
,|,,|,,|,,|,,|,,|,,|,,|,,|,,|,,|,|||||||||||
,|,,|,,|,,|,,|,,|,,|,,|,,|,,|,,|,|||||||||||
,|,,|,,|,,|,,|,,|,,|,,|,,|,,|,,|,|||||||||||
,|,,|,,|,,|,,|,,|,,|,,|,,|,,|,,|,|||||||||||
,|,,|,,|,,|,,|,,|,,|,,|,,|,,|,,|,|||||||||||
,|,,|,,|,,|,,|,,|,,|,,|,,|,,|,,|,|||||||||||
,|,,|,,|,,|,,|,,|,,|,,|,,|,,|,,|,|||||||||||
,|,,|,,|,,|,,|,,|,,|,,|,,|,,|,,|,|||||||||||
,|,,|,,|,,|,,|,,|,,|,,|,,|,,|,,|,|||||||||||
,|,,|,,|,,|,,|,,|,,|,,|,,|,,|,,|,|||||||||||
,|,,|,,|,,|,,|,,|,,|,,|,,|,,|,,|,|||||||||||
,|,,|,,|,,|,,|,,|,,|,,|,,|,,|,,|,|||||||||||
,|,,|,,|,,|,,|,,|,,|,,|,,|,,|,,|,|||||||||||
,|,,|,,|,,|,,|,,|,,|,,|,,|,,|,,|,|||||||||||
,|,,|,,|,,|,,|,,|,,|,,|,,|,,|,,|,|||||||||||
,|,,|,,|,,|,,|,,|,,|,,|,,|,,|,,|,|||||||||||
,|,,|,,|,,|,,|,,|,,|,,|,,|,,|,,|,|||||||||||
,|,,|,,|,,|,,|,,|,,|,,|,,|,,|,,|,|||||||||||
,|,,|,,|,,|,,|,,|,,|,,|,,|,,|,,|,|||||||||||
,|,,|,,|,,|,,|,,|,,|,,|,,|,,|,,|,|||||||||||
,|,,|,,|,,|,,|,,|,,|,,|,,|,,|,,|,|||||||||||
,|,,|,,|,,|,,|,,|,,|,,|,,|,,|,,|,|||||||||||
,|,,|,,|,,|,,|,,|,,|,,|,,|,,|,,|,|||||||||||
,|,,|,,|,,|,,|,,|,,|,,|,,|,,|,,|,|||||||||||
,|,,|,,|,,|,,|,,|,,|,,|,,|,,|,,|,|||||||||||
,|,,|,,|,,|,,|,,|,,|,,|,,|,,|,,|,|||||||||||
,|,,|,,|,,|,,|,,|,,|,,|,,|,,|,,|,|||||||||||
,|,,|,,|,,|,,|,,|,,|,,|,,|,,|,,|,|||||||||||
,|,,|,,|,,|,,|,,|,,|,,|,,|,,|,,|,|||||||||||
,|,,|,,|,,|,,|,,|,,|,,|,,|,,|,,|,|||||||||||
,|,,|,,|,,|,,|,,|,,|,,|,,|,,|,,|,|||||||||||
,|,,|,,|,,|,,|,,|,,|,,|,,|,,|,,|,|||||||||||
,|,,|,,|,,|,,|,,|,,|,,|,,|,,|,,|,|||||||||||
,|,,|,,|,,|,,|,,|,,|,,|,,|,,|,,|,|||||||||||
,|,,|,,|,,|,,|,,|,,|,,|,,|,,|,,|,|||||||||||
,|,,|,,|,,|,,|,,|,,|,,|,,|,,|,,|,|||||||||||
,|,,|,,|,,|,,|,,|,,|,,|,,|,,|,,|,|||||||||||
,|,,|,,|,,|,,|,,|,,|,,|,,|,,|,,|,|||||||||||
,|,,|,,|,,|,,|,,|,,|,,|,,|,,|,,|,|||||||||||
,|,,|,,|,,|,,|,,|,,|,,|,,|,,|,,|,|||||||||||
,|,,|,,|,,|,,|,,|,,|,,|,,|,,|,,|,|||||||||||
,|,,|,,|,,|,,|,,|,,|,,|,,|,,|,,|,|||||||||||
,|,,|,,|,,|,,|,,|,,|,,|,,|,,|,,|,|||||||||||
,|,,|,,|,,|,,|,,|,,|,,|,,|,,|,,|,|||||||||||
,|,,|,,|,,|,,|,,|,,|,,|,,|,,|,,|,|||||||||||
,|,,|,,|,,|,,|,,|,,|,,|,,|,,|,,|,|||||||||||
,|,,|,,|,,|,,|,,|,,|,,|,,|,,|,,|,|||||||||||
,|,,|,,|,,|,,|,,|,,|,,|,,|,,|,,|,|||||||||||
,|,,|,,|,,|,,|,,|,,|,,|,,|,,|,,|,|||||||||||
,|,,|,,|,,|,,|,,|,,|,,|,,|,,|,,|,|||||||||||
,|,,|,,|,,|,,|,,|,,|,,|,,|,,|,,|,|||||||||||
,|,,|,,|,,|,,|,,|,,|,,|,,|,,|,,|,|||||||||||
,|,,|,,|,,|,,|,,|,,|,,|,,|,,|,,|,|||||||||||
,|,,|,,|,,|,,|,,|,,|,,|,,|,,|,,|,|||||||||||
,|,,|,,|,,|,,|,,|,,|,,|,,|,,|,,|,|||||||||||
,|,,|,,|,,|,,|,,|,,|,,|,,|,,|,,|,|||||||||||
,|,,|,,|,,|,,|,,|,,|,,|,,|,,|,,|,|||||||||||
,|,,|,,|,,|,,|,,|,,|,,|,,|,,|,,|,|||||||||||
,|,,|,,|,,|,,|,,|,,|,,|,,|,,|,,|,|||||||||||
,|,,|,,|,,|,,|,,|,,|,,|,,|,,|,,|,|||||||||||
,|,,|,,|,,|,,|,,|,,|,,|,,|,,|,,|,|||||||||||
,|,,|,,|,,|,,|,,|,,|,,|,,|,,|,,|,|||||||||||
,|,,|,,|,,|,,|,,|,,|,,|,,|,,|,,|,|||||||||||
,|,,|,,|,,|,,|,,|,,|,,|,,|,,|,,|,|||||||||||
,|,,|,,|,,|,,|,,|,,|,,|,,|,,|,,|,|||||||||||
,|,,|,,|,,|,,|,,|,,|,,|,,|,,|,,|,|||||||||||
,|,,|,,|,,|,,|,,|,,|,,|,,|,,|,,|,|||||||||||
,|,,|,,|,,|,,|,,|,,|,,|,,|,,|,,|,|||||||||||
,|,,|,,|,,|,,|,,|,,|,,|,,|,,|,,|,|||||||||||
,|,,|,,|,,|,,|,,|,,|,,|,,|,,|,,|,|||||||||||
,|,,|,,|,,|,,|,,|,,|,,|,,|,,|,,|,|||||||||||
,|,,|,,|,,|,,|,,|,,|,,|,,|,,|,,|,|||||||||||
,|,,|,,|,,|,,|,,|,,|,,|,,|,,|,,|,|||||||||||
,|,,|,,|,,|,,|,,|,,|,,|,,|,,|,,|,|||||||||||
,|,,|,,|,,|,,|,,|,,|,,|,,|,,|,,|,|||||||||||
,|,,|,,|,,|,,|,,|,,|,,|,,|,,|,,|,|||||||||||
,|,,|,,|,,|,,|,,|,,|,,|,,|,,|,,|,|||||||||||
,|,,|,,|,,|,,|,,|,,|,,|,,|,,|,,|,|||||||||||
,|,,|,,|,,|,,|,,|,,|,,|,,|,,|,,|,|||||||||||
,|,,|,,|,,|,,|,,|,,|,,|,,|,,|,,|,|||||||||||
,|,,|,,|,,|,,|,,|,,|,,|,,|,,|,,|,|||||||||||
,|,,|,,|,,|,,|,,|,,|,,|,,|,,|,,|,|||||||||||
,|,,|,,|,,|,,|,,|,,|,,|,,|,,|,,|,|||||||||||
,|,,|,,|,,|,,|,,|,,|,,|,,|,,|,,|,|||||||||||
,|,,|,,|,,|,,|,,|,,|,,|,,|,,|,,|,|||||||||||
,|,,|,,|,,|,,|,,|,,|,,|,,|,,|,,|,|||||||||||
,|,,|,,|,,|,,|,,|,,|,,|,,|,,|,,|,|||||||||||
,|,,|,,|,,|,,|,,|,,|,,|,,|,,|,,|,|||||||||||
,|,,|,,|,,|,,|,,|,,|,,|,,|,,|,,|,|||||||||||
,|,,|,,|,,|,,|,,|,,|,,|,,|,,|,,|,|||||||||||
,|,,|,,|,,|,,|,,|,,|,,|,,|,,|,,|,|||||||||||
,|,,|,,|,,|,,|,,|,,|,,|,,|,,|,,|,|||||||||||
,|,,|,,|,,|,,|,,|,,|,,|,,|,,|,,|,|||||||||||
,|,,|,,|,,|,,|,,|,,|,,|,,|,,|,,|,|||||||||||
,|,,|,,|,,|,,|,,|,,|,,|,,|,,|,,|,|||||||||||
,|,,|,,|,,|,,|,,|,,|,,|,,|,,|,,|,|||||||||||
,|,,|,,|,,|,,|,,|,,|,,|,,|,,|,,|,|||||||||||
,|,,|,,|,,|,,|,,|,,|,,|,,|,,|,,|,|||||||||||
,|,,|,,|,,|,,|,,|,,|,,|,,|,,|,,|,|||||||||||
,|,,|,,|,,|,,|,,|,,|,,|,,|,,|,,|,|||||||||||
,|,,|,,|,,|,,|,,|,,|,,|,,|,,|,,|,|||||||||||
,|,,|,,|,,|,,|,,|,,|,,|,,|,,|,,|,|||||||||||
,|,,|,,|,,|,,|,,|,,|,,|,,|,,|,,|,|||||||||||
,|,,|,,|,,|,,|,,|,,|,,|,,|,,|,,|,|||||||||||
,|,,|,,|,,|,,|,,|,,|,,|,,|,,|,,|,|||||||||||
,|,,|,,|,,|,,|,,|,,|,,|,,|,,|,,|,|||||||||||
,|,,|,,|,,|,,|,,|,,|,,|,,|,,|,,|,|||||||||||
,|,,|,,|,,|,,|,,|,,|,,|,,|,,|,,|,|||||||||||
,|,,|,,|,,|,,|,,|,,|,,|,,|,,|,,|,|||||||||||
,|,,|,,|,,|,,|,,|,,|,,|,,|,,|,,|,|||||||||||
,|,,|,,|,,|,,|,,|,,|,,|,,|,,|,,|,|||||||||||
,|,,|,,|,,|,,|,,|,,|,,|,,|,,|,,|,|||||||||||
,|,,|,,|,,|,,|,,|,,|,,|,,|,,|,,|,|||||||||||
,|,,|,,|,,|,,|,,|,,|,,|,,|,,|,,|,|||||||||||
,|,,|,,|,,|,,|,,|,,|,,|,,|,,|,,|,|||||||||||
,|,,|,,|,,|,,|,,|,,|,,|,,|,,|,,|,|||||||||||
,|,,|,,|,,|,,|,,|,,|,,|,,|,,|,,|,|||||||||||
,|,,|,,|,,|,,|,,|,,|,,|,,|,,|,,|,|||||||||||
,|,,|,,|,,|,,|,,|,,|,,|,,|,,|,,|,|||||||||||
,|,,|,,|,,|,,|,,|,,|,,|,,|,,|,,|,|||||||||||
,|,,|,,|,,|,,|,,|,,|,,|,,|,,|,,|,|||||||||||
,|,,|,,|,,|,,|,,|,,|,,|,,|,,|,,|,|||||||||||
,|,,|,,|,,|,,|,,|,,|,,|,,|,,|,,|,|||||||||||
,|,,|,,|,,|,,|,,|,,|,,|,,|,,|,,|,|||||||||||
,|,,|,,|,,|,,|,,|,,|,,|,,|,,|,,|,|||||||||||
,|,,|,,|,,|,,|,,|,,|,,|,,|,,|,,|,|||||||||||
,|,,|,,|,,|,,|,,|,,|,,|,,|,,|,,|,|||||||||||
,|,,|,,|,,|,,|,,|,,|,,|,,|,,|,,|,|||||||||||
,|,,|,,|,,|,,|,,|,,|,,|,,|,,|,,|,|||||||||||
,|,,|,,|,,|,,|,,|,,|,,|,,|,,|,,|,|||||||||||
,|,,|,,|,,|,,|,,|,,|,,|,,|,,|,,|,|||||||||||
,|,,|,,|,,|,,|,,|,,|,,|,,|,,|,,|,|||||||||||
,|,,|,,|,,|,,|,,|,,|,,|,,|,,|,,|,|||||||||||
,|,,|,,|,,|,,|,,|,,|,,|,,|,,|,,|,|||||||||||
,|,,|,,|,,|,,|,,|,,|,,|,,|,,|,,|,|||||||||||
,|,,|,,|,,|,,|,,|,,|,,|,,|,,|,,|,|||||||||||
,|,,|,,|,,|,,|,,|,,|,,|,,|,,|,,|,|||||||||||
,|,,|,,|,,|,,|,,|,,|,,|,,|,,|,,|,|||||||||||
,|,,|,,|,,|,,|,,|,,|,,|,,|,,|,,|,|||||||||||
,|,,|,,|,,|,,|,,|,,|,,|,,|,,|,,|,|||||||||||
,|,,|,,|,,|,,|,,|,,|,,|,,|,,|,,|,|||||||||||
,|,,|,,|,,|,,|,,|,,|,,|,,|,,|,,|,|||||||||||
,|,,|,,|,,|,,|,,|,,|,,|,,|,,|,,|,|||||||||||
,|,,|,,|,,|,,|,,|,,|,,|,,|,,|,,|,|||||||||||
,|,,|,,|,,|,,|,,|,,|,,|,,|,,|,,|,|||||||||||
,|,,|,,|,,|,,|,,|,,|,,|,,|,,|,,|,|||||||||||
,|,,|,,|,,|,,|,,|,,|,,|,,|,,|,,|,|||||||||||
,|,,|,,|,,|,,|,,|,,|,,|,,|,,|,,|,|||||||||||
,|,,|,,|,,|,,|,,|,,|,,|,,|,,|,,|,|||||||||||
,|,,|,,|,,|,,|,,|,,|,,|,,|,,|,,|,|||||||||||
,|,,|,,|,,|,,|,,|,,|,,|,,|,,|,,|,|||||||||||
,|,,|,,|,,|,,|,,|,,|,,|,,|,,|,,|,|||||||||||
,|,,|,,|,,|,,|,,|,,|,,|,,|,,|,,|,|||||||||||
,|,,|,,|,,|,,|,,|,,|,,|,,|,,|,,|,|||||||||||
,|,,|,,|,,|,,|,,|,,|,,|,,|,,|,,|,|||||||||||
,|,,|,,|,,|,,|,,|,,|,,|,,|,,|,,|,|||||||||||
,|,,|,,|,,|,,|,,|,,|,,|,,|,,|,,|,|||||||||||
,|,,|,,|,,|,,|,,|,,|,,|,,|,,|,,|,|||||||||||
,|,,|,,|,,|,,|,,|,,|,,|,,|,,|,,|,|||||||||||
,|,,|,,|,,|,,|,,|,,|,,|,,|,,|,,|,|||||||||||
,|,,|,,|,,|,,|,,|,,|,,|,,|,,|,,|,|||||||||||
,|,,|,,|,,|,,|,,|,,|,,|,,|,,|,,|,|||||||||||
,|,,|,,|,,|,,|,,|,,|,,|,,|,,|,,|,|||||||||||
,|,,|,,|,,|,,|,,|,,|,,|,,|,,|,,|,|||||||||||
,|,,|,,|,,|,,|,,|,,|,,|,,|,,|,,|,|||||||||||
,|,,|,,|,,|,,|,,|,,|,,|,,|,,|,,|,|||||||||||
,|,,|,,|,,|,,|,,|,,|,,|,,|,,|,,|,|||||||||||
,|,,|,,|,,|,,|,,|,,|,,|,,|,,|,,|,|||||||||||
,|,,|,,|,,|,,|,,|,,|,,|,,|,,|,,|,|||||||||||
,|,,|,,|,,|,,|,,|,,|,,|,,|,,|,,|,|||||||||||
,|,,|,,|,,|,,|,,|,,|,,|,,|,,|,,|,|||||||||||
,|,,|,,|,,|,,|,,|,,|,,|,,|,,|,,|,|||||||||||
,|,,|,,|,,|,,|,,|,,|,,|,,|,,|,,|,|||||||||||
,|,,|,,|,,|,,|,,|,,|,,|,,|,,|,,|,|||||||||||
,|,,|,,|,,|,,|,,|,,|,,|,,|,,|,,|,|||||||||||
,|,,|,,|,,|,,|,,|,,|,,|,,|,,|,,|,|||||||||||
,|,,|,,|,,|,,|,,|,,|,,|,,|,,|,,|,|||||||||||
,|,,|,,|,,|,,|,,|,,|,,|,,|,,|,,|,|||||||||||
,|,,|,,|,,|,,|,,|,,|,,|,,|,,|,,|,|||||||||||
,|,,|,,|,,|,,|,,|,,|,,|,,|,,|,,|,|||||||||||
,|,,|,,|,,|,,|,,|,,|,,|,,|,,|,,|,|||||||||||
,|,,|,,|,,|,,|,,|,,|,,|,,|,,|,,|,|||||||||||
,|,,|,,|,,|,,|,,|,,|,,|,,|,,|,,|,|||||||||||
,|,,|,,|,,|,,|,,|,,|,,|,,|,,|,,|,|||||||||||
,|,,|,,|,,|,,|,,|,,|,,|,,|,,|,,|,|||||||||||
,|,,|,,|,,|,,|,,|,,|,,|,,|,,|,,|,|||||||||||
,|,,|,,|,,|,,|,,|,,|,,|,,|,,|,,|,|||||||||||
,|,,|,,|,,|,,|,,|,,|,,|,,|,,|,,|,|||||||||||
,|,,|,,|,,|,,|,,|,,|,,|,,|,,|,,|,|||||||||||
,|,,|,,|,,|,,|,,|,,|,,|,,|,,|,,|,|||||||||||
,|,,|,,|,,|,,|,,|,,|,,|,,|,,|,,|,|||||||||||
,|,,|,,|,,|,,|,,|,,|,,|,,|,,|,,|,|||||||||||
,|,,|,,|,,|,,|,,|,,|,,|,,|,,|,,|,|||||||||||
,|,,|,,|,,|,,|,,|,,|,,|,,|,,|,,|,|||||||||||
,|,,|,,|,,|,,|,,|,,|,,|,,|,,|,,|,|||||||||||
,|,,|,,|,,|,,|,,|,,|,,|,,|,,|,,|,|||||||||||
,|,,|,,|,,|,,|,,|,,|,,|,,|,,|,,|,|||||||||||
,|,,|,,|,,|,,|,,|,,|,,|,,|,,|,,|,|||||||||||
,|,,|,,|,,|,,|,,|,,|,,|,,|,,|,,|,|||||||||||
,|,,|,,|,,|,,|,,|,,|,,|,,|,,|,,|,|||||||||||
,|,,|,,|,,|,,|,,|,,|,,|,,|,,|,,|,|||||||||||
,|,,|,,|,,|,,|,,|,,|,,|,,|,,|,,|,|||||||||||
,|,,|,,|,,|,,|,,|,,|,,|,,|,,|,,|,|||||||||||
,|,,|,,|,,|,,|,,|,,|,,|,,|,,|,,|,|||||||||||
,|,,|,,|,,|,,|,,|,,|,,|,,|,,|,,|,|||||||||||
,|,,|,,|,,|,,|,,|,,|,,|,,|,,|,,|,|||||||||||
,|,,|,,|,,|,,|,,|,,|,,|,,|,,|,,|,|||||||||||
,|,,|,,|,,|,,|,,|,,|,,|,,|,,|,,|,|||||||||||
,|,,|,,|,,|,,|,,|,,|,,|,,|,,|,,|,|||||||||||
,|,,|,,|,,|,,|,,|,,|,,|,,|,,|,,|,|||||||||||
,|,,|,,|,,|,,|,,|,,|,,|,,|,,|,,|,|||||||||||
,|,,|,,|,,|,,|,,|,,|,,|,,|,,|,,|,|||||||||||
,|,,|,,|,,|,,|,,|,,|,,|,,|,,|,,|,|||||||||||
,|,,|,,|,,|,,|,,|,,|,,|,,|,,|,,|,|||||||||||
,|,,|,,|,,|,,|,,|,,|,,|,,|,,|,,|,|||||||||||
,|,,|,,|,,|,,|,,|,,|,,|,,|,,|,,|,|||||||||||
,|,,|,,|,,|,,|,,|,,|,,|,,|,,|,,|,|||||||||||
,|,,|,,|,,|,,|,,|,,|,,|,,|,,|,,|,|||||||||||
,|,,|,,|,,|,,|,,|,,|,,|,,|,,|,,|,|||||||||||
,|,,|,,|,,|,,|,,|,,|,,|,,|,,|,,|,|||||||||||
,|,,|,,|,,|,,|,,|,,|,,|,,|,,|,,|,|||||||||||
,|,,|,,|,,|,,|,,|,,|,,|,,|,,|,,|,|||||||||||
,|,,|,,|,,|,,|,,|,,|,,|,,|,,|,,|,|||||||||||
,|,,|,,|,,|,,|,,|,,|,,|,,|,,|,,|,|||||||||||
,|,,|,,|,,|,,|,,|,,|,,|,,|,,|,,|,|||||||||||
,|,,|,,|,,|,,|,,|,,|,,|,,|,,|,,|,|||||||||||
,|,,|,,|,,|,,|,,|,,|,,|,,|,,|,,|,|||||||||||
,|,,|,,|,,|,,|,,|,,|,,|,,|,,|,,|,|||||||||||
,|,,|,,|,,|,,|,,|,,|,,|,,|,,|,,|,|||||||||||
,|,,|,,|,,|,,|,,|,,|,,|,,|,,|,,|,|||||||||||
,|,,|,,|,,|,,|,,|,,|,,|,,|,,|,,|,|||||||||||
,|,,|,,|,,|,,|,,|,,|,,|,,|,,|,,|,|||||||||||
,|,,|,,|,,|,,|,,|,,|,,|,,|,,|,,|,|||||||||||
,|,,|,,|,,|,,|,,|,,|,,|,,|,,|,,|,|||||||||||
,|,,|,,|,,|,,|,,|,,|,,|,,|,,|,,|,|||||||||||
,|,,|,,|,,|,,|,,|,,|,,|,,|,,|,,|,|||||||||||
,|,,|,,|,,|,,|,,|,,|,,|,,|,,|,,|,|||||||||||
,|,,|,,|,,|,,|,,|,,|,,|,,|,,|,,|,|||||||||||
,|,,|,,|,,|,,|,,|,,|,,|,,|,,|,,|,|||||||||||
,|,,|,,|,,|,,|,,|,,|,,|,,|,,|,,|,|||||||||||
,|,,|,,|,,|,,|,,|,,|,,|,,|,,|,,|,|||||||||||
,|,,|,,|,,|,,|,,|,,|,,|,,|,,|,,|,|||||||||||
,|,,|,,|,,|,,|,,|,,|,,|,,|,,|,,|,|||||||||||
,|,,|,,|,,|,,|,,|,,|,,|,,|,,|,,|,|||||||||||
,|,,|,,|,,|,,|,,|,,|,,|,,|,,|,,|,|||||||||||
,|,,|,,|,,|,,|,,|,,|,,|,,|,,|,,|,|||||||||||
,|,,|,,|,,|,,|,,|,,|,,|,,|,,|,,|,|||||||||||
,|,,|,,|,,|,,|,,|,,|,,|,,|,,|,,|,|||||||||||
,|,,|,,|,,|,,|,,|,,|,,|,,|,,|,,|,|||||||||||
,|,,|,,|,,|,,|,,|,,|,,|,,|,,|,,|,|||||||||||
,|,,|,,|,,|,,|,,|,,|,,|,,|,,|,,|,|||||||||||
,|,,|,,|,,|,,|,,|,,|,,|,,|,,|,,|,|||||||||||
,|,,|,,|,,|,,|,,|,,|,,|,,|,,|,,|,|||||||||||
,|,,|,,|,,|,,|,,|,,|,,|,,|,,|,,|,|||||||||||
,|,,|,,|,,|,,|,,|,,|,,|,,|,,|,,|,|||||||||||
,|,,|,,|,,|,,|,,|,,|,,|,,|,,|,,|,|||||||||||
,|,,|,,|,,|,,|,,|,,|,,|,,|,,|,,|,|||||||||||
,|,,|,,|,,|,,|,,|,,|,,|,,|,,|,,|,|||||||||||
,|,,|,,|,,|,,|,,|,,|,,|,,|,,|,,|,|||||||||||
,|,,|,,|,,|,,|,,|,,|,,|,,|,,|,,|,|||||||||||
,|,,|,,|,,|,,|,,|,,|,,|,,|,,|,,|,|||||||||||
,|,,|,,|,,|,,|,,|,,|,,|,,|,,|,,|,|||||||||||
,|,,|,,|,,|,,|,,|,,|,,|,,|,,|,,|,|||||||||||
,|,,|,,|,,|,,|,,|,,|,,|,,|,,|,,|,|||||||||||
,|,,|,,|,,|,,|,,|,,|,,|,,|,,|,,|,|||||||||||
,|,,|,,|,,|,,|,,|,,|,,|,,|,,|,,|,|||||||||||
,|,,|,,|,,|,,|,,|,,|,,|,,|,,|,,|,|||||||||||
,|,,|,,|,,|,,|,,|,,|,,|,,|,,|,,|,|||||||||||
,|,,|,,|,,|,,|,,|,,|,,|,,|,,|,,|,|||||||||||
,|,,|,,|,,|,,|,,|,,|,,|,,|,,|,,|,|||||||||||
,|,,|,,|,,|,,|,,|,,|,,|,,|,,|,,|,|||||||||||
,|,,|,,|,,|,,|,,|,,|,,|,,|,,|,,|,|||||||||||
,|,,|,,|,,|,,|,,|,,|,,|,,|,,|,,|,|||||||||||
,|,,|,,|,,|,,|,,|,,|,,|,,|,,|,,|,|||||||||||
,|,,|,,|,,|,,|,,|,,|,,|,,|,,|,,|,|||||||||||
,|,,|,,|,,|,,|,,|,,|,,|,,|,,|,,|,|||||||||||
,|,,|,,|,,|,,|,,|,,|,,|,,|,,|,,|,|||||||||||
,|,,|,,|,,|,,|,,|,,|,,|,,|,,|,,|,|||||||||||
,|,,|,,|,,|,,|,,|,,|,,|,,|,,|,,|,|||||||||||
,|,,|,,|,,|,,|,,|,,|,,|,,|,,|,,|,|||||||||||
,|,,|,,|,,|,,|,,|,,|,,|,,|,,|,,|,|||||||||||
,|,,|,,|,,|,,|,,|,,|,,|,,|,,|,,|,|||||||||||
,|,,|,,|,,|,,|,,|,,|,,|,,|,,|,,|,|||||||||||
,|,,|,,|,,|,,|,,|,,|,,|,,|,,|,,|,|||||||||||
,|,,|,,|,,|,,|,,|,,|,,|,,|,,|,,|,|||||||||||
,|,,|,,|,,|,,|,,|,,|,,|,,|,,|,,|,|||||||||||
,|,,|,,|,,|,,|,,|,,|,,|,,|,,|,,|,|||||||||||
,|,,|,,|,,|,,|,,|,,|,,|,,|,,|,,|,|||||||||||
,|,,|,,|,,|,,|,,|,,|,,|,,|,,|,,|,|||||||||||
,|,,|,,|,,|,,|,,|,,|,,|,,|,,|,,|,|||||||||||
,|,,|,,|,,|,,|,,|,,|,,|,,|,,|,,|,|||||||||||
,|,,|,,|,,|,,|,,|,,|,,|,,|,,|,,|,|||||||||||
,|,,|,,|,,|,,|,,|,,|,,|,,|,,|,,|,|||||||||||
,|,,|,,|,,|,,|,,|,,|,,|,,|,,|,,|,|||||||||||
,|,,|,,|,,|,,|,,|,,|,,|,,|,,|,,|,|||||||||||
,|,,|,,|,,|,,|,,|,,|,,|,,|,,|,,|,|||||||||||
,|,,|,,|,,|,,|,,|,,|,,|,,|,,|,,|,|||||||||||
,|,,|,,|,,|,,|,,|,,|,,|,,|,,|,,|,|||||||||||
,|,,|,,|,,|,,|,,|,,|,,|,,|,,|,,|,|||||||||||
,|,,|,,|,,|,,|,,|,,|,,|,,|,,|,,|,|||||||||||
,|,,|,,|,,|,,|,,|,,|,,|,,|,,|,,|,|||||||||||
,|,,|,,|,,|,,|,,|,,|,,|,,|,,|,,|,|||||||||||
,|,,|,,|,,|,,|,,|,,|,,|,,|,,|,,|,|||||||||||
,|,,|,,|,,|,,|,,|,,|,,|,,|,,|,,|,|||||||||||
,|,,|,,|,,|,,|,,|,,|,,|,,|,,|,,|,|||||||||||
,|,,|,,|,,|,,|,,|,,|,,|,,|,,|,,|,|||||||||||
,|,,|,,|,,|,,|,,|,,|,,|,,|,,|,,|,|||||||||||
,|,,|,,|,,|,,|,,|,,|,,|,,|,,|,,|,|||||||||||
,|,,|,,|,,|,,|,,|,,|,,|,,|,,|,,|,|||||||||||
,|,,|,,|,,|,,|,,|,,|,,|,,|,,|,,|,|||||||||||
,|,,|,,|,,|,,|,,|,,|,,|,,|,,|,,|,|||||||||||
,|,,|,,|,,|,,|,,|,,|,,|,,|,,|,,|,|||||||||||
,|,,|,,|,,|,,|,,|,,|,,|,,|,,|,,|,|||||||||||
,|,,|,,|,,|,,|,,|,,|,,|,,|,,|,,|,|||||||||||
,|,,|,,|,,|,,|,,|,,|,,|,,|,,|,,|,|||||||||||
,|,,|,,|,,|,,|,,|,,|,,|,,|,,|,,|,|||||||||||
,|,,|,,|,,|,,|,,|,,|,,|,,|,,|,,|,|||||||||||
,|,,|,,|,,|,,|,,|,,|,,|,,|,,|,,|,|||||||||||
,|,,|,,|,,|,,|,,|,,|,,|,,|,,|,,|,|||||||||||
,|,,|,,|,,|,,|,,|,,|,,|,,|,,|,,|,|||||||||||
,|,,|,,|,,|,,|,,|,,|,,|,,|,,|,,|,|||||||||||
,|,,|,,|,,|,,|,,|,,|,,|,,|,,|,,|,|||||||||||
,|,,|,,|,,|,,|,,|,,|,,|,,|,,|,,|,|||||||||||
,|,,|,,|,,|,,|,,|,,|,,|,,|,,|,,|,|||||||||||
,|,,|,,|,,|,,|,,|,,|,,|,,|,,|,,|,|||||||||||
,|,,|,,|,,|,,|,,|,,|,,|,,|,,|,,|,|||||||||||
,|,,|,,|,,|,,|,,|,,|,,|,,|,,|,,|,|||||||||||
,|,,|,,|,,|,,|,,|,,|,,|,,|,,|,,|,|||||||||||
,|,,|,,|,,|,,|,,|,,|,,|,,|,,|,,|,|||||||||||
,|,,|,,|,,|,,|,,|,,|,,|,,|,,|,,|,|||||||||||
,|,,|,,|,,|,,|,,|,,|,,|,,|,,|,,|,|||||||||||
,|,,|,,|,,|,,|,,|,,|,,|,,|,,|,,|,|||||||||||
,|,,|,,|,,|,,|,,|,,|,,|,,|,,|,,|,|||||||||||
,|,,|,,|,,|,,|,,|,,|,,|,,|,,|,,|,|||||||||||
,|,,|,,|,,|,,|,,|,,|,,|,,|,,|,,|,|||||||||||
,|,,|,,|,,|,,|,,|,,|,,|,,|,,|,,|,|||||||||||
,|,,|,,|,,|,,|,,|,,|,,|,,|,,|,,|,|||||||||||
,|,,|,,|,,|,,|,,|,,|,,|,,|,,|,,|,|||||||||||
,|,,|,,|,,|,,|,,|,,|,,|,,|,,|,,|,|||||||||||
,|,,|,,|,,|,,|,,|,,|,,|,,|,,|,,|,|||||||||||
,|,,|,,|,,|,,|,,|,,|,,|,,|,,|,,|,|||||||||||
,|,,|,,|,,|,,|,,|,,|,,|,,|,,|,,|,|||||||||||
,|,,|,,|,,|,,|,,|,,|,,|,,|,,|,,|,|||||||||||
,|,,|,,|,,|,,|,,|,,|,,|,,|,,|,,|,|||||||||||
,|,,|,,|,,|,,|,,|,,|,,|,,|,,|,,|,|||||||||||
,|,,|,,|,,|,,|,,|,,|,,|,,|,,|,,|,|||||||||||
,|,,|,,|,,|,,|,,|,,|,,|,,|,,|,,|,|||||||||||
,|,,|,,|,,|,,|,,|,,|,,|,,|,,|,,|,|||||||||||
,|,,|,,|,,|,,|,,|,,|,,|,,|,,|,,|,|||||||||||
,|,,|,,|,,|,,|,,|,,|,,|,,|,,|,,|,|||||||||||
,|,,|,,|,,|,,|,,|,,|,,|,,|,,|,,|,|||||||||||
,|,,|,,|,,|,,|,,|,,|,,|,,|,,|,,|,|||||||||||
,|,,|,,|,,|,,|,,|,,|,,|,,|,,|,,|,|||||||||||
,|,,|,,|,,|,,|,,|,,|,,|,,|,,|,,|,|||||||||||
,|,,|,,|,,|,,|,,|,,|,,|,,|,,|,,|,|||||||||||
,|,,|,,|,,|,,|,,|,,|,,|,,|,,|,,|,|||||||||||
,|,,|,,|,,|,,|,,|,,|,,|,,|,,|,,|,|||||||||||
,|,,|,,|,,|,,|,,|,,|,,|,,|,,|,,|,|||||||||||
,|,,|,,|,,|,,|,,|,,|,,|,,|,,|,,|,|||||||||||
,|,,|,,|,,|,,|,,|,,|,,|,,|,,|,,|,|||||||||||
,|,,|,,|,,|,,|,,|,,|,,|,,|,,|,,|,|||||||||||
,|,,|,,|,,|,,|,,|,,|,,|,,|,,|,,|,|||||||||||
,|,,|,,|,,|,,|,,|,,|,,|,,|,,|,,|,|||||||||||
,|,,|,,|,,|,,|,,|,,|,,|,,|,,|,,|,|||||||||||
,|,,|,,|,,|,,|,,|,,|,,|,,|,,|,,|,|||||||||||
,|,,|,,|,,|,,|,,|,,|,,|,,|,,|,,|,|||||||||||
,|,,|,,|,,|,,|,,|,,|,,|,,|,,|,,|,|||||||||||
,|,,|,,|,,|,,|,,|,,|,,|,,|,,|,,|,|||||||||||
,|,,|,,|,,|,,|,,|,,|,,|,,|,,|,,|,|||||||||||
,|,,|,,|,,|,,|,,|,,|,,|,,|,,|,,|,|||||||||||
,|,,|,,|,,|,,|,,|,,|,,|,,|,,|,,|,|||||||||||
,|,,|,,|,,|,,|,,|,,|,,|,,|,,|,,|,|||||||||||
,|,,|,,|,,|,,|,,|,,|,,|,,|,,|,,|,|||||||||||
,|,,|,,|,,|,,|,,|,,|,,|,,|,,|,,|,|||||||||||
,|,,|,,|,,|,,|,,|,,|,,|,,|,,|,,|,|||||||||||
,|,,|,,|,,|,,|,,|,,|,,|,,|,,|,,|,|||||||||||
,|,,|,,|,,|,,|,,|,,|,,|,,|,,|,,|,|||||||||||
,|,,|,,|,,|,,|,,|,,|,,|,,|,,|,,|,|||||||||||
,|,,|,,|,,|,,|,,|,,|,,|,,|,,|,,|,|||||||||||
,|,,|,,|,,|,,|,,|,,|,,|,,|,,|,,|,|||||||||||
,|,,|,,|,,|,,|,,|,,|,,|,,|,,|,,|,|||||||||||
,|,,|,,|,,|,,|,,|,,|,,|,,|,,|,,|,|||||||||||
,|,,|,,|,,|,,|,,|,,|,,|,,|,,|,,|,|||||||||||
,|,,|,,|,,|,,|,,|,,|,,|,,|,,|,,|,|||||||||||
,|,,|,,|,,|,,|,,|,,|,,|,,|,,|,,|,|||||||||||
,|,,|,,|,,|,,|,,|,,|,,|,,|,,|,,|,|||||||||||
,|,,|,,|,,|,,|,,|,,|,,|,,|,,|,,|,|||||||||||
,|,,|,,|,,|,,|,,|,,|,,|,,|,,|,,|,|||||||||||
,|,,|,,|,,|,,|,,|,,|,,|,,|,,|,,|,|||||||||||
,|,,|,,|,,|,,|,,|,,|,,|,,|,,|,,|,|||||||||||
,|,,|,,|,,|,,|,,|,,|,,|,,|,,|,,|,|||||||||||
,|,,|,,|,,|,,|,,|,,|,,|,,|,,|,,|,|||||||||||
,|,,|,,|,,|,,|,,|,,|,,|,,|,,|,,|,|||||||||||
,|,,|,,|,,|,,|,,|,,|,,|,,|,,|,,|,|||||||||||
,|,,|,,|,,|,,|,,|,,|,,|,,|,,|,,|,|||||||||||
,|,,|,,|,,|,,|,,|,,|,,|,,|,,|,,|,|||||||||||
,|,,|,,|,,|,,|,,|,,|,,|,,|,,|,,|,|||||||||||
,|,,|,,|,,|,,|,,|,,|,,|,,|,,|,,|,|||||||||||
,|,,|,,|,,|,,|,,|,,|,,|,,|,,|,,|,|||||||||||
,|,,|,,|,,|,,|,,|,,|,,|,,|,,|,,|,|||||||||||
,|,,|,,|,,|,,|,,|,,|,,|,,|,,|,,|,|||||||||||
,|,,|,,|,,|,,|,,|,,|,,|,,|,,|,,|,|||||||||||
,|,,|,,|,,|,,|,,|,,|,,|,,|,,|,,|,|||||||||||
,|,,|,,|,,|,,|,,|,,|,,|,,|,,|,,|,|||||||||||
,|,,|,,|,,|,,|,,|,,|,,|,,|,,|,,|,|||||||||||
,|,,|,,|,,|,,|,,|,,|,,|,,|,,|,,|,|||||||||||
,|,,|,,|,,|,,|,,|,,|,,|,,|,,|,,|,|||||||||||
,|,,|,,|,,|,,|,,|,,|,,|,,|,,|,,|,|||||||||||
,|,,|,,|,,|,,|,,|,,|,,|,,|,,|,,|,|||||||||||
,|,,|,,|,,|,,|,,|,,|,,|,,|,,|,,|,|||||||||||
,|,,|,,|,,|,,|,,|,,|,,|,,|,,|,,|,|||||||||||
,|,,|,,|,,|,,|,,|,,|,,|,,|,,|,,|,|||||||||||
,|,,|,,|,,|,,|,,|,,|,,|,,|,,|,,|,|||||||||||
,|,,|,,|,,|,,|,,|,,|,,|,,|,,|,,|,|||||||||||
,|,,|,,|,,|,,|,,|,,|,,|,,|,,|,,|,|||||||||||
,|,,|,,|,,|,,|,,|,,|,,|,,|,,|,,|,|||||||||||
,|,,|,,|,,|,,|,,|,,|,,|,,|,,|,,|,|||||||||||
,|,,|,,|,,|,,|,,|,,|,,|,,|,,|,,|,|||||||||||
,|,,|,,|,,|,,|,,|,,|,,|,,|,,|,,|,|||||||||||
,|,,|,,|,,|,,|,,|,,|,,|,,|,,|,,|,|||||||||||
,|,,|,,|,,|,,|,,|,,|,,|,,|,,|,,|,|||||||||||
,|,,|,,|,,|,,|,,|,,|,,|,,|,,|,,|,|||||||||||
,|,,|,,|,,|,,|,,|,,|,,|,,|,,|,,|,|||||||||||
,|,,|,,|,,|,,|,,|,,|,,|,,|,,|,,|,|||||||||||
,|,,|,,|,,|,,|,,|,,|,,|,,|,,|,,|,|||||||||||
,|,,|,,|,,|,,|,,|,,|,,|,,|,,|,,|,|||||||||||
,|,,|,,|,,|,,|,,|,,|,,|,,|,,|,,|,|||||||||||
,|,,|,,|,,|,,|,,|,,|,,|,,|,,|,,|,|||||||||||
,|,,|,,|,,|,,|,,|,,|,,|,,|,,|,,|,|||||||||||
,|,,|,,|,,|,,|,,|,,|,,|,,|,,|,,|,|||||||||||
,|,,|,,|,,|,,|,,|,,|,,|,,|,,|,,|,|||||||||||
,|,,|,,|,,|,,|,,|,,|,,|,,|,,|,,|,|||||||||||
,|,,|,,|,,|,,|,,|,,|,,|,,|,,|,,|,|||||||||||